<?xml version="1.0" encoding="UTF-8"?>
<project-private xmlns="http://www.netbeans.org/ns/project-private/1">
    <editor-bookmarks xmlns="http://www.netbeans.org/ns/editor-bookmarks/2" lastBookmarkId="0"/>
    <open-files xmlns="http://www.netbeans.org/ns/projectui-open-files/2">
        <group>
            <file>file:/C:/Users/Mauricio/Documents/MeusDocumentos/Computador%20-%20Casa/Apostilas/2025/PrimeiroSemestre/SantaTecnicasProgramacao/Bim01Aula06/Framework/src/tpsemana11/TPSemana11.java</file>
            <file>file:/C:/Users/Mauricio/Documents/MeusDocumentos/Computador%20-%20Casa/Apostilas/2025/PrimeiroSemestre/SantaTecnicasProgramacao/Bim01Aula06/Framework/src/tpsemana11/MyDAL.java</file>
        </group>
    </open-files>
</project-private>
