<?xml version="1.0" encoding="UTF-8"?>
<project-private xmlns="http://www.netbeans.org/ns/project-private/1">
    <editor-bookmarks xmlns="http://www.netbeans.org/ns/editor-bookmarks/2" lastBookmarkId="0"/>
    <open-files xmlns="http://www.netbeans.org/ns/projectui-open-files/2">
        <group>
            <file>file:/C:/Users/unisanta/Desktop/TP03ConexaoAoBancoDeDados/src/tp02conexaoaobancodedados/PessoasDAL.java</file>
            <file>file:/C:/Users/unisanta/Desktop/TP03ConexaoAoBancoDeDados/src/tp02conexaoaobancodedados/Pessoa.java</file>
            <file>file:/C:/Users/unisanta/Desktop/TP03ConexaoAoBancoDeDados/src/tp02conexaoaobancodedados/Pessoas.java</file>
            <file>file:/C:/Users/unisanta/Desktop/TP03ConexaoAoBancoDeDados/src/tp02conexaoaobancodedados/PessoasBLL.java</file>
        </group>
    </open-files>
</project-private>
